[
    {
        "Id": "b4f2f3c8-a725-44a0-8fd6-651ee45a9690",
        "Name": "Jeff Goldblum",
        "CreatedOn": "5/4/2019 4:36:05 PM",
        "Comment": "Great location, really clean rooms, awesome staff!",
        "Rating": 5,
        "BusinessId": "687af33b-3084-43b6-bacb-4c8847559ee4",
        "Email":  "jeffGold@gmail.com"
    },
    {
        "Id": "1e67e958-37fc-46cc-a6b9-5d1f28e9e532",
        "Name": "Scarlett Johansson",
        "CreatedOn": "5/2/2019 3:26:10 PM",
        "Comment": "We had a wonderful stay! The staff could not have been more helpful!",
        "Rating": 3,
        "BusinessId": "14f77522-b07f-4ad8-855b-d93923bea56e",
        "Email":  "scarlettJoh@gmail.com"
    },
    {
        "Id": "d2dd7ddf-ac78-42f1-963a-16f06406bd9d",
        "Name": "Sandra Bullock",
        "CreatedOn": "5/3/2019 6:45:23 PM",
        "Comment": "The hotel is in a very good location, visited the restaurant and had a really great time!",
        "Rating": 1,
        "BusinessId": "14f77522-b07f-4ad8-855b-d93923bea56e",
        "Email":  "sandyBullock@gmail.com"
    }
]