﻿[
  {
    "Id": "83705aa7-d523-4978-b799-84e15468a088",
    "Name": "The Palm_logo.jpg",
    "CreatedOn": "5/4/2019 4:36:05 PM",
    "BusinessId": "687af33b-3084-43b6-bacb-4c8847559ee4"
  },
  {
    "Id": "0f34be57-d215-43fb-b442-45f246b651d5",
    "Name": "Rove Dubai Marina_logo.jpg",
    "CreatedOn": "3/4/2019 3:36:05 PM",
    "BusinessId": "14f77522-b07f-4ad8-855b-d93923bea56e"
  },
  {
    "Id": "c8cae9c7-d536-4049-ad77-8324187fbc83",
    "Name": "Rove Dubai Marina_Restaurant.jpg",
    "CreatedOn": "3/4/2019 3:36:05 PM",
    "BusinessId": "14f77522-b07f-4ad8-855b-d93923bea56e"
  },
  {
    "Id": "55973f04-9f96-45e0-8ea2-3ceb0fb7ce5e",
    "Name": "Rove Dubai Marina_Exclusive Lounge.jpg",
    "CreatedOn": "3/4/2019 3:36:05 PM",
    "BusinessId": "14f77522-b07f-4ad8-855b-d93923bea56e"
  },
  {
    "Id": "93a31b5d-671b-42bb-a457-bd60b5f124e3",
    "Name": "The Palm_Restaurant.jpg",
    "CreatedOn": "3/4/2019 3:36:05 PM",
    "BusinessId": "687af33b-3084-43b6-bacb-4c8847559ee4"
  },
  {
    "Id": "0d07b40a-ef2b-4c5e-99ed-5ead465b6b1e",
    "Name": "The Palm_Bar.jpg",
    "CreatedOn": "3/4/2019 3:36:05 PM",
    "BusinessId": "687af33b-3084-43b6-bacb-4c8847559ee4"
  }
]