﻿[
  {
      "Id": "e069b9bc-6f43-443d-8aa6-842029f37072",
      "Name": "John McJane",
      "CreatedOn": "5/4/2019 2:11:05 PM",
      "Comment": "I do agree with you, perfect place!",
      "FeedbackId": "1e67e958-37fc-46cc-a6b9-5d1f28e9e532"
  },
  {
      "Id": "c5b2c466-4b2f-45e3-ad1b-9ba999a39037",
      "Name": "Ashley Collins",
      "CreatedOn": "5/4/2019 5:22:15 PM",
      "Comment": "Could add that the restaurant is great!",
      "FeedbackId": "1e67e958-37fc-46cc-a6b9-5d1f28e9e532"
  }
]
